<?xml version="1.0" encoding="UTF-8"?>
<site>
   <description>
      Mylyn Docs
   </description>
   <feature url="features/com.planview.mylyn.wikitext_feature_0.0.0.jar" id="com.planview.mylyn.wikitext_feature" version="0.0.0">
      <category name="Features"/>
   </feature>
   <feature url="features/com.planview.mylyn.wikitext.editors_feature_0.0.0.jar" id="com.planview.mylyn.wikitext.editors_feature" version="0.0.0">
      <category name="Features"/>
   </feature>
   <feature url="features/com.planview.mylyn.wikitext.sdk_0.0.0.jar" id="com.planview.mylyn.wikitext.sdk" version="0.0.0">
      <category name="SDK"/>
   </feature>
   <feature url="features/com.planview.mylyn.wikitext.extras_feature_0.0.0.qualifier.jar" id="com.planview.mylyn.wikitext.extras_feature" version="0.0.0">
      <category name="Features"/>
   </feature>
   <feature url="features/com.planview.mylyn.htmltext_0.0.0.jar" id="com.planview.mylyn.htmltext" version="0.0.0">
      <category name="Features"/>
   </feature>
   <feature url="features/com.planview.mylyn.docs.sdk_0.0.0.jar" id="com.planview.mylyn.docs.sdk" version="0.0.0">
      <category name="SDK"/>
   </feature>
   <feature url="features/com.planview.mylyn.docs.epub_0.0.0.qualifier.jar" id="com.planview.mylyn.docs.epub" version="0.0.0">
      <category name="Features"/>
   </feature>
   <feature url="features/com.planview.mylyn.docs.epub.sdk_0.0.0.qualifier.jar" id="com.planview.mylyn.docs.epub.sdk" version="0.0.0">
      <category name="SDK"/>
   </feature>
   <bundle id="com.google.guava">
     <category name="SDK"/>
   </bundle>
   <category-def name="Features" label="Mylyn Docs Features">
      <description>
         Tools.
      </description>
   </category-def>
   <category-def name="Integration" label="Mylyn Docs Integrations">
      <description>
         Connectors that integrate with ALM systems.
      </description>
   </category-def>
   <category-def name="SDK" label="Mylyn Docs SDK and Framework">
      <description>
         Source code and documentation for integrators.
      </description>
   </category-def>
</site>
