<?xml version="1.0" encoding="UTF-8"?>

<component xmlns="http://eclipse.org/component"
   xmlns:xsi="http://www.w3.org/2001/XMLSchema-instance"
   xsi:schemaLocation="http://eclipse.org/component ../component.xsd "
   name="Platform UI IDE">
 <plugin id="org.eclipse.ui.ide" />
 <plugin id="org.eclipse.ui.workbench.compatibility" fragment="true" />
 <plugin id="org.eclipse.ui.win32" fragment="true" />

<package name="org.eclipse.ui" exclusive="false" >
  <type name="ICapabilityInstallWizard"/>
  <type name="ICapabilityUninstallWizard"/>
  <type name="IContributorResourceAdapter"/>
  <type name="IFileEditorInput"/>
  <type name="IMarkerActionFilter"/>
  <type name="IMarkerHelpRegistry"/>
  <type name="IMarkerResolution"/>
  <type name="IMarkerResolution2"/>
  <type name="IMarkerResolutionGenerator"/>
  <type name="IMarkerResolutionGenerator2"/>
  <type name="IProjectActionFilter" />
  <type name="IResourceActionFilter"/>
  <type name="IStorageEditorInput"/>
  <type name="ResourceWorkingSetFilter"/>
</package>

<package name="org.eclipse.ui.actions" exclusive="false" >
  <type name="AddBookmarkAction" subclass="false"/>
  <type name="AddTaskAction" subclass="false"/>
  <type name="BuildAction" subclass="false"/>
  <type name="CloseResourceAction" subclass="false"/>
  <type name="CopyFilesAndFoldersOperation" subclass="false"/>
  <type name="CopyProjectAction"/>
  <type name="CopyProjectOperation" subclass="false"/>
  <type name="CopyResourceAction" subclass="false"/>
  <type name="CreateFileAction" subclass="false"/>
  <type name="CreateFolderAction" subclass="false"/>
  <type name="CreateProjectAction"/>
  <type name="DeleteResourceAction" subclass="false"/>
  <type name="GlobalBuildAction" subclass="false"/>
  <type name="MoveFilesAndFoldersOperation" subclass="false"/>
  <type name="MoveProjectAction"/>
  <type name="MoveResourceAction" subclass="false"/>
  <type name="NewExampleAction" subclass="false"/>
  <type name="NewProjectAction" subclass="false"/>
  <type name="NewWizardMenu"/>
  <type name="OpenFileAction" subclass="false"/>
  <type name="OpenResourceAction" subclass="false"/>
  <type name="OpenSystemEditorAction" subclass="false"/>
  <type name="OpenWithMenu" subclass="false"/>
  <type name="QuickStartAction"/>
  <type name="ReadOnlyStateChecker"/>
  <type name="RefreshAction" subclass="false"/>
  <type name="RenameResourceAction" subclass="false"/>
  <type name="ScrubLocalAction" subclass="false"/>
  <type name="SelectionListenerAction"/>
  <type name="TextActionHandler" subclass="false"/>
  <type name="WorkspaceAction"/>
  <type name="WorkspaceModifyDelegatingOperation" subclass="false"/>
  <type name="WorkspaceModifyOperation"/>
</package>

<package name="org.eclipse.ui.dialogs" exclusive="false" >
  <type name="ContainerGenerator" subclass="false"/>
  <type name="ContainerSelectionDialog" subclass="false"/>
  <type name="FileSelectionDialog" subclass="false"/>
  <type name="MarkerResolutionSelectionDialog" subclass="false"/>
  <type name="NewFolderDialog" subclass="false"/>
  <type name="ProjectLocationMoveDialog"/>
  <type name="ProjectLocationSelectionDialog"/>
  <type name="ResourceListSelectionDialog"/>
  <type name="ResourceSelectionDialog" subclass="false"/>
  <type name="SaveAsDialog" subclass="false"/>
  <type name="WizardDataTransferPage" subclass="false"/>
  <type name="WizardExportPage"/>
  <type name="WizardExportResourcesPage"/>
  <type name="WizardImportPage"/>
  <type name="WizardNewFileCreationPage"/>
  <type name="WizardNewFolderMainPage"/>
  <type name="WizardNewLinkPage" subclass="false"/>
  <type name="WizardNewProjectCreationPage"/>
  <type name="WizardNewProjectReferencePage"/>
  <type name="WizardResourceImportPage"/>
</package>

<package name="org.eclipse.ui.model" exclusive="false" >
  <type name="WorkbenchContentProvider" subclass="false"/>
</package>

<package name="org.eclipse.ui.part" exclusive="false" >
  <type name="FileEditorInput" subclass="false"/>
  <type name="FileEditorInputFactory" subclass="false" instantiate="false"/>
  <type name="FileInPlaceEditorInput" subclass="false"/>
  <type name="MarkerTransfer" subclass="false"/>
  <type name="ResourceTransfer" subclass="false"/>
</package>

<package name="org.eclipse.ui.ide" >
  <type name="IDE"/>
  <type name="IDEActionFactory"/>
  <type name="IDEEncoding"/>
  <type name="IGotoMarker"/>
  <type name="IIDEActionConstants" implement="false"/>
</package>

<package name="org.eclipse.ui.ide.dialogs" >
  <type name="AbstractEncodingFieldEditor"/>
  <type name="EncodingFieldEditor"/>
  <type name="ResourceEncodingFieldEditor"/>
</package>

<package name="org.eclipse.ui.views.bookmarkexplorer" >
  <type name="BookmarkNavigator" subclass="false" instantiate="false"/>
</package>

<package name="org.eclipse.ui.views.framelist" >
  <type name="BackAction"/>
  <type name="ForwardAction"/>
  <type name="Frame"/>
  <type name="FrameAction"/>
  <type name="FrameList"/>
  <type name="GoIntoAction"/>
  <type name="IFrameSource"/>
  <type name="TreeFrame"/>
  <type name="TreeViewerFrameSource"/>
  <type name="UpAction"/>
</package>

<package name="org.eclipse.ui.views.markers" >
  <type name="MarkerViewUtil"/>
</package>

<package name="org.eclipse.ui.views.navigator" >
  <type name="CollapseAllAction"/>
  <type name="FilterSelectionAction"/>
  <type name="GotoActionGroup"/>
  <type name="GotoResourceAction"/>
  <type name="IResourceNavigator" implement="false"/>
  <type name="LocalSelectionTransfer" subclass="false"/>
  <type name="MainActionGroup"/>
  <type name="NavigatorDragAdapter"/>
  <type name="NavigatorDropAdapter"/>
  <type name="NavigatorFrameSource"/>
  <type name="OpenActionGroup"/>
  <type name="RefactorActionGroup"/>
  <type name="ResourceNavigator"/>
  <type name="ResourceNavigatorAction"/>
  <type name="ResourceNavigatorActionGroup"/>
  <type name="ResourceNavigatorMessages"/>
  <type name="ResourceNavigatorMoveAction"/>
  <type name="ResourceNavigatorRenameAction"/>
  <type name="ResourcePatternFilter"/>
  <type name="ResourceSelectionUtil" instantiate="false" subclass="false"/>
  <type name="ResourceSorter" subclass="false"/>
  <type name="ShowInNavigatorAction"/>
  <type name="SortAndFilterActionGroup"/>
  <type name="SortViewAction"/>
  <type name="ToggleLinkingAction"/>
  <type name="WorkspaceActionGroup"/>
</package>

<package name="org.eclipse.ui.views.properties" exclusive="false" >
  <type name="FilePropertySource"/>
  <type name="IDEPropertiesMessages"/>
  <type name="IResourcePropertyConstants"/>
  <type name="ResourcePropertySource"/>
</package>

<package name="org.eclipse.ui.views.tasklist" >
  <type name="ITaskListResourceAdapter"/>
  <type name="TaskList" subclass="false" instantiate="false"/>
  <type name="TaskPropertiesDialog"/>
</package>

<package name="org.eclipse.ui.wizards.datatransfer" >
  <type name="ExternalProjectImportWizard" subclass="false"/>
  <type name="FileSystemExportWizard" subclass="false"/>
  <type name="FileSystemImportWizard" subclass="false"/>
  <type name="FileSystemStructureProvider"/>
  <type name="IImportStructureProvider"/>
  <type name="ImportOperation" subclass="false"/>
  <type name="PopulateElementOperation"/>
  <type name="PopulateRootOperation"/>
  <type name="SelectFilesOperation"/>
  <type name="WizardExternalProjectImportPage"/>
  <type name="ZipFileExportWizard" subclass="false"/>
  <type name="ZipFileImportWizard" subclass="false"/>
  <type name="ZipFileStructureProvider"/>
</package>

<package name="org.eclipse.ui.wizards.newresource" >
  <type name="BasicNewFileResourceWizard" subclass="false"/>
  <type name="BasicNewFolderResourceWizard" subclass="false"/>
  <type name="BasicNewProjectResourceWizard" subclass="false"/>
  <type name="BasicNewResourceWizard" subclass="false"/>
</package>

 <component-depends unrestricted="true"/>

</component>
