<?xml version="1.0" encoding="UTF-8" ?>
<introContent>
	<extensionContent id="com.atlassian.connector.eclipse" name="Atlassian Connector for Eclipse"
		style="css/overview.css" alt-style="css/whatsnew.properties" path="overview/@">
		<group id="content-group" style-id="content-group">
			<link label="Atlassian Connector for Eclipse"
				url="http://www.atlassian.com/software/ideconnector/eclipse.jsp?eclipse-welcome"
				id="atlassian-eclipse-connector-overview" style-id="content-link">
				<text>
					Visit Atlassian Connector for Eclipse homepage to learn more about it. 
				</text>
			</link>
		</group>
	</extensionContent>
</introContent>
