<?xml version="1.0" encoding="UTF-8"?>
<project name="com.atlassian.connector.eclipse.jira.core" default="clean-source">
    <description>
            Generate SOAP stubs
    </description>

	<target name="clean-source">
		<replace dir="src/com/atlassian/connector/eclipse/internal/jira/core/wsdl">
			<include name="**/*.java"/>
  			<replacetoken><![CDATA[
public ]]></replacetoken>
			<replacevalue><![CDATA[
@SuppressWarnings("all")
public ]]></replacevalue>
		</replace>
		<replace dir="src/com/atlassian/connector/eclipse/internal/jira/core/wsdl">
			<include name="**/*.java"/>
  			<replacetoken><![CDATA[by the Apache Axis 1.4 Apr 22, 2006 (06:55:48 PDT) WSDL2Java emitter.]]></replacetoken>
			<replacevalue><![CDATA[by the Apache Axis 1.3 Oct 05, 2005 (05:23:37 EDT) WSDL2Java emitter.]]></replacevalue>
		</replace>
<!--
		<replace dir="src/com/atlassian/connector/eclipse/internal/jira/core/wsdl">
			<include name="**/*.java"/>
  			<replacetoken><![CDATA[/**
 *]]></replacetoken>
			<replacevalue><![CDATA[/*******************************************************************************
 * Copyright (c) 2004, 2009 Tasktop Technologies and others.
 * All rights reserved. This program and the accompanying materials
 * are made available under the terms of the Eclipse Public License v1.0
 * which accompanies this distribution, and is available at
 * http://www.eclipse.org/legal/epl-v10.html
 *
 * Contributors:
 *     Tasktop Technologies - initial API and implementation
 *******************************************************************************/

/**
 *]]></replacevalue>
		</replace>
-->
	</target>
</project>